-1;1;Bulbasaur;45;49;49;65;65;45;318;Grass;Poison;Overgrow;;Chlorophyll;6,9;1 SpA;64;5120;Monster;Grass
-1;2;Ivysaur;60;62;63;80;80;60;405;Grass;Poison;Overgrow;;Chlorophyll;13;1 SpA/1 SpD;141;0;Monster;Grass
-1;3;Venusaur;80;82;83;100;100;80;525;Grass;Poison;Overgrow;;Chlorophyll;100;2 SpA/1 SpD;208;;Monster;Grass
-1;4;Charmander;39;52;43;60;50;65;309;Fire;;Blaze;;Solar Power;8,5;1 Spe;65;5120;Monster;Dragon
-1;5;Charmeleon;58;64;58;80;65;80;405;Fire;;Blaze;;Solar Power;19;1 SpA/1 Spe;142;;Monster;Dragon
-1;6;Charizard;78;84;78;109;85;100;534;Fire;Flying;Blaze;;Solar Power;90,5;3 SpA;209;;Monster;Dragon
-1;7;Squirtle;44;48;65;60;54;43;314;Water;;Torrent;;Rain Dish;9;1 Def;66;5120;Monster;Water 1
-1;8;Wartortle;59;63;80;65;80;58;405;Water;;Torrent;;Rain Dish;22,5;1 Def/1 SpD;143;;Monster;Water 1
-1;9;Blastoise;79;83;100;85;105;78;530;Water;;Torrent;;Rain Dish;85,5;3 SpD;210;;Monster;Water 1
-1;10;Caterpie;45;30;35;20;20;45;195;Bug;;Shield Dust;;Run Away;2,9;1 HP;53;3840;Bug;
-1;11;Metapod;50;20;55;25;25;30;205;Bug;;Shed Skin;;;9,9;1 Def;72;;Bug;
-1;12;Butterfree;60;45;50;80;80;70;385;Bug;Flying;Compoundeyes;;Tinted Lens;32;2 SpA/1 SpD;160;;Bug;
-1;13;Weedle;40;35;30;20;20;50;195;Bug;Poison;Shield Dust;;Run Away;3,2;1 Spe;52;3840;Bug;
-1;14;Kakuna;45;25;50;25;25;35;205;Bug;Poison;Shed Skin;;;10;2 Def;71;;Bug;
-1;15;Beedrill;65;80;40;40;80;75;380;Bug;Poison;Swarm;;Sniper;29,5;2 Atk/1 SpD;159;;Bug;
-1;16;Pidgey;40;45;40;35;35;56;251;Normal;Flying;Keen Eye;Tangled Feet;Big Pecks;1,8;1 Spe;55;3840;Flying;
-1;17;Pidgeotto;63;60;55;50;50;71;349;Normal;Flying;Keen Eye;Tangled Feet;Big Pecks;30;2 Spe;113;;Flying;
-1;18;Pidgeot;83;80;75;70;70;91;469;Normal;Flying;Keen Eye;Tangled Feet;Big Pecks;39,5;3 Spe;172;;Flying;
-1;19;Rattata;30;56;35;25;35;72;253;Normal;;Run Away;Guts;Hustle;3,5;1 Spe;57;3840;Field;
-1;20;Raticate;55;81;60;50;70;97;413;Normal;;Run Away;Guts;Hustle;18,5;2 Spe;116;;Field;
-1;21;Spearow;40;60;30;31;31;70;262;Normal;Flying;Keen Eye;;Sniper;2;1 Spe;58;3840;Flying;
-1;22;Fearow;65;90;65;61;61;100;442;Normal;Flying;Keen Eye;;Sniper;38;2 Spe;162;;Flying;
-1;23;Ekans;30;60;44;40;54;55;283;Poison;;Intimidate;Shed Skin;Unnerve;6,9;1 Atk;62;5120;Field;Dragon
-1;24;Arbok;60;85;69;65;79;80;438;Poison;;Intimidate;Shed Skin;Unnerve;65;2 Atk;147;;Field;Dragon
104;25;Pikachu;35;55;30;50;40;90;300;Electric;;Static;;Lightningrod;6;2 Spe;82;;Field;Fairy
105;26;Raichu;60;90;55;90;80;100;475;Electric;;Static;;Lightningrod;30;3 Spe;122;;Field;Fairy
-1;27;Sandshrew;50;75;85;20;30;40;300;Ground;;Sand Veil;;Sand Rush;12;1 Def;93;5120;Field;
-1;28;Sandslash;75;100;110;45;55;65;450;Ground;;Sand Veil;;Sand Rush;29,5;2 Def;163;;Field;
-1;29;Nidoran ♀;55;47;52;40;40;41;275;Poison;;Poison Point;Rivalry;Hustle;7;1 HP;59;5120;Monster;Field
-1;30;Nidorina;70;62;67;55;55;56;365;Poison;;Poison Point;Rivalry;Hustle;20;2 HP;117;;-;
-1;31;Nidoqueen;90;82;87;75;85;76;495;Poison;Ground;Poison Point;Rivalry;Sheer Force;60;3 HP;194;;-;
-1;32;Nidoran ♂;46;57;40;40;40;50;273;Poison;;Poison Point;Rivalry;Hustle;9;1 Atk;60;5120;Monster;Field
-1;33;Nidorino;61;72;57;55;55;65;365;Poison;;Poison Point;Rivalry;Hustle;19,5;2 Atk;118;;Monster;Field
-1;34;Nidoking;81;92;77;85;75;85;495;Poison;Ground;Poison Point;Rivalry;Sheer Force;62;3 Atk;195;;Monster;Field
100;35;Clefairy;70;45;48;60;65;35;323;Normal;;Cute Charm;Magic Guard;Friend Guard;7,5;2 HP;68;;Fairy;
101;36;Clefable;95;70;73;85;90;60;473;Normal;;Cute Charm;Magic Guard;Unaware;40;3 HP;129;;Fairy;
-1;37;Vulpix;38;41;40;50;65;65;299;Fire;;Flash Fire;;Drought;9,9;1 Spe;63;5120;Field;
-1;38;Ninetales;73;76;75;81;100;100;505;Fire;;Flash Fire;;Drought;19,9;1 SpD/1 Spe;178;;Field;
-1;39;Jigglypuff;115;45;20;45;25;20;270;Normal;;Cute Charm;;Friend Guard;5,5;2 HP;76;;Fairy;
-1;40;Wigglytuff;140;70;45;75;50;45;425;Normal;;Cute Charm;;Frisk;12;3 HP;109;;Fairy;
28;41;Zubat;40;45;35;30;40;55;245;Poison;Flying;Inner Focus;;Infiltrator;7,5;1 Spe;54;3840;Flying;
29;42;Golbat;75;80;70;65;75;90;455;Poison;Flying;Inner Focus;;Infiltrator;55;2 Spe;171;;Flying;
-1;43;Oddish;45;50;55;75;65;30;320;Grass;Poison;Chlorophyll;;Run Away;5,4;1 SpA;78;5120;Grass;
-1;44;Gloom;60;65;70;85;75;40;395;Grass;Poison;Chlorophyll;;Stench;8,6;2 SpA/1 SpD;132;;Grass;
-1;45;Vileplume;75;80;85;100;90;50;480;Grass;Poison;Chlorophyll;;Effect Spore;18,6;3 SpA;184;;Grass;
-1;46;Paras;35;70;55;45;55;25;285;Bug;Grass;Effect Spore;Dry Skin;Damp;5,4;1 Atk;70;5120;Bug;Grass
-1;47;Parasect;60;95;80;60;80;30;405;Bug;Grass;Effect Spore;Dry Skin;Damp;29,5;2 Atk/1 Def;128;;Bug;Grass
-1;48;Venonat;60;55;50;40;55;45;305;Bug;Poison;Compoundeyes;Tinted Lens;Run Away;30;1 SpD;75;5120;Bug;
-1;49;Venomoth;70;65;60;90;75;90;450;Bug;Poison;Shield Dust;Tinted Lens;Wonder Skin;12,5;1 SpA/1 Spe;138;;Bug;
-1;50;Diglett;10;55;25;35;45;95;265;Ground;;Sand Veil;Arena Trap;Sand Force;0,8;1 Spe;81;5120;Field;
-1;51;Dugtrio;35;80;50;50;70;120;405;Ground;;Sand Veil;Arena Trap;Sand Force;33,3;2 Spe;153;;Field;
-1;52;Meowth;40;45;35;40;40;90;290;Normal;;Pickup;Technician;Unnerve;4,2;1 Spe;69;5120;Field;
-1;53;Persian;65;70;60;65;65;115;440;Normal;;Limber;Technician;Unnerve;32;2 Spe;148;;Field;
43;54;Psyduck;50;52;48;65;50;55;320;Water;;Damp;Cloud Nine;Swift Swim;19,6;1 SpA;80;5120;Water 1;Field
44;55;Golduck;80;82;78;95;80;85;500;Water;;Damp;Cloud Nine;Swift Swim;76,6;2 SpA;174;;Water 1;Field
-1;56;Mankey;40;80;35;35;45;70;305;Fighting;;Vital Spirit;Anger Point;Defiant;28;1 Atk;74;5120;Field;
-1;57;Primeape;65;105;60;60;70;95;455;Fighting;;Vital Spirit;Anger Point;Defiant;32;2 Atk;149;;Field;
-1;58;Growlithe;55;70;45;70;50;60;350;Fire;;Intimidate;Flash Fire;Justified;19;1 Atk;91;5120;Field;
-1;59;Arcanine;90;110;80;100;80;95;555;Fire;;Intimidate;Flash Fire;Justified;155;2 Atk;213;;Field;
-1;60;Poliwag;40;50;40;40;40;90;300;Water;;Water Absorb;Damp;Swift Swim;12,4;1 Spe;77;5120;Water 1;
-1;61;Poliwhirl;65;65;65;50;50;90;385;Water;;Water Absorb;Damp;Swift Swim;20;2 Spe;131;;Water 1;
-1;62;Poliwrath;90;85;95;70;90;70;500;Water;Fighting;Water Absorb;Damp;Swift Swim;54;3 Def;185;;Water 1;
20;63;Abra;25;20;15;105;55;90;310;Psychic;;Synchronize;Inner Focus;Magic Guard;19,5;1 SpA;75;5120;Human-Like;
21;64;Kadabra;40;35;30;120;70;105;400;Psychic;;Synchronize;Inner Focus;Magic Guard;56,5;2 SpA;145;;Human-Like;
22;65;Alakazam;55;50;45;135;85;120;490;Psychic;;Synchronize;Inner Focus;Magic Guard;48;3 SpA;186;;Human-Like;
40;66;Machop;70;80;50;35;35;35;305;Fighting;;Guts;No Guard;Steadfast;19,5;1 Atk;75;5120;Human-Like;
41;67;Machoke;80;100;70;50;60;45;405;Fighting;;Guts;No Guard;Steadfast;70,5;2 Atk;146;;Human-Like;
42;68;Machamp;90;130;80;65;85;55;505;Fighting;;Guts;No Guard;Steadfast;130;3 Atk;193;;Human-Like;
-1;69;Bellsprout;50;75;35;70;30;40;300;Grass;Poison;Chlorophyll;;Gluttony;4;1 Atk;84;5120;Grass;
-1;70;Weepinbell;65;90;50;85;45;55;390;Grass;Poison;Chlorophyll;;Gluttony;6,4;2 Atk;151;;Grass;
-1;71;Victreebel;80;105;65;100;60;70;480;Grass;Poison;Chlorophyll;;Gluttony;15,5;3 Atk;191;;Grass;
136;72;Tentacool;40;40;35;50;100;70;335;Water;Poison;Clear Body;Liquid Ooze;Rain Dish;45,5;1 SpD;105;5120;Water 3;
137;73;Tentacruel;80;70;65;80;120;100;515;Water;Poison;Clear Body;Liquid Ooze;Rain Dish;55;2 SpD;205;;Water 3;
31;74;Geodude;40;80;100;30;30;20;300;Rock;Ground;Rock Head;Sturdy;Sand Veil;20;1 Def;73;3840;Mineral;
32;75;Graveler;55;95;115;45;45;35;390;Rock;Ground;Rock Head;Sturdy;Sand Veil;105;2 Def;134;;Mineral;
33;76;Golem;80;110;130;55;65;45;485;Rock;Ground;Rock Head;Sturdy;Sand Veil;300;3 Def;177;;Mineral;
77;77;Ponyta;50;85;55;65;65;90;410;Fire;;Run Away;Flash Fire;Flame Body;30;1 Spe;152;5120;Field;
78;78;Rapidash;65;100;70;80;80;105;500;Fire;;Run Away;Flash Fire;Flame Body;95;1 Spe;192;;Field;
-1;79;Slowpoke;90;65;65;40;40;15;315;Water;Psychic;Oblivious;Own Tempo;Regenerator;36;1 HP;99;5120;Monster;Water 1
-1;80;Slowbro;95;75;110;100;80;30;490;Water;Psychic;Oblivious;Own Tempo;Regenerator;78,5;2 Def;164;;Monster;Water 1
178;81;Magnemite;25;35;70;95;55;45;325;Electric;Steel;Magnet Pull;Sturdy;Analytic;6;1 SpA;89;5120;Mineral;
179;82;Magneton;50;60;95;120;70;70;465;Electric;Steel;Magnet Pull;Sturdy;Analytic;60;2 SpA;161;;Mineral;
-1;83;Farfetch'd;52;65;55;58;62;60;352;Normal;Flying;Keen Eye;Inner Focus;Defiant;15;1 Atk;94;5120;Flying;Field
-1;84;Doduo;35;85;45;35;35;75;310;Normal;Flying;Run Away;Early Bird;Tangled Feet;39,2;1 Atk;96;5120;Flying;
-1;85;Dodrio;60;110;70;60;60;100;460;Normal;Flying;Run Away;Early Bird;Tangled Feet;85,2;2 Atk;158;;Flying;
-1;86;Seel;65;45;55;45;70;45;325;Water;;Thick Fat;Hydration;Ice Body;90;1 SpD;100;5120;Water 1;Field
-1;87;Dewgong;90;70;80;70;95;70;475;Water;Ice;Thick Fat;Hydration;Ice Body;120;2 SpD;176;;Water 1;Field
-1;88;Grimer;80;80;50;40;50;25;325;Poison;;Stench;Sticky Hold;Poison Touch;30;1 HP;90;5120;Amorphous;
-1;89;Muk;105;105;75;65;100;50;500;Poison;;Stench;Sticky Hold;Poison Touch;30;1 HP/1 Atk;157;;Amorphous;
-1;90;Shellder;30;65;100;45;25;40;305;Water;;Shell Armor;Skill Link;Overcoat;4;1 Def;97;5120;Water 3;
-1;91;Cloyster;50;90;180;85;45;70;520;Water;Ice;Shell Armor;Skill Link;Overcoat;132,5;2 Def;203;;Water 3;
69;92;Gastly;30;35;30;100;35;80;310;Ghost;Poison;Levitate;;;0,1;1 SpA;95;5120;Amorphous;
70;93;Haunter;45;50;45;115;55;95;405;Ghost;Poison;Levitate;;;0,1;2 SpA;126;;Amorphous;
71;94;Gengar;60;65;60;130;75;110;500;Ghost;Poison;Levitate;;;40,5;3 SpA;190;;Amorphous;
34;95;Onix;35;45;160;30;45;70;385;Rock;Ground;Rock Head;Sturdy;Weak Armor;210;1 Def;108;6140;Mineral;
-1;96;Drowzee;60;48;45;43;90;42;328;Psychic;;Insomnia;Forewarn;Inner Focus;32,4;1 SpD;102;5120;Human-Like;
-1;97;Hypno;85;73;70;73;115;67;483;Psychic;;Insomnia;Forewarn;Inner Focus;75,6;2 SpD;165;;Human-Like;
-1;98;Krabby;30;105;90;25;25;50;325;Water;;Hyper Cutter;Shell Armor;Sheer Force;6,5;1 Atk;115;5120;Water 3;
-1;99;Kingler;55;130;115;50;50;75;475;Water;;Hyper Cutter;Shell Armor;Sheer Force;60;2 Atk;206;;Water 3;
-1;100;Voltorb;40;30;50;55;55;100;330;Electric;;Soundproof;Static;Aftermath;10,4;1 Spe;103;5120;Mineral;
-1;101;Electrode;60;50;70;80;80;140;480;Electric;;Soundproof;Static;Aftermath;66,6;2 Spe;150;;Mineral;
-1;102;Exeggcute;60;40;80;60;45;40;325;Grass;Psychic;Chlorophyll;;Harvest;2,5;1 Def;98;5120;Grass;
-1;103;Exeggutor;95;95;85;125;65;55;520;Grass;Psychic;Chlorophyll;;Harvest;120;2 SpA;212;;Grass;
-1;104;Cubone;50;50;95;40;50;35;320;Ground;;Rock Head;Lightningrod;Battle Armor;6,5;1 Def;87;5120;Monster;
-1;105;Marowak;60;80;110;50;80;45;425;Ground;;Rock Head;Lightningrod;Battle Armor;45;2 Def;124;;Monster;
-1;106;Hitmonlee;50;120;53;35;110;87;455;Fighting;;Limber;Reckless;Unburden;49,8;2 Atk;139;;Human-Like;
-1;107;Hitmonchan;50;105;79;35;110;76;455;Fighting;;Keen Eye;Iron Fist;Inner Focus;50,2;2 SpD;140;;Human-Like;
161;108;Lickitung;90;55;75;60;75;30;385;Normal;;Own Tempo;Oblivious;Cloud Nine;65,5;2 HP;127;5120;Monster;
-1;109;Koffing;40;65;95;60;45;35;340;Poison;;Levitate;;;1;1 Def;114;5120;Amorphous;
-1;110;Weezing;65;90;120;85;70;60;490;Poison;;Levitate;;;9,5;2 Def;173;;Amorphous;
186;111;Rhyhorn;80;85;95;30;30;25;345;Ground;Rock;Lightningrod;Rock Head;Reckless;115;1 Def;135;5120;Monster;Field
187;112;Rhydon;105;130;120;45;45;40;485;Ground;Rock;Lightningrod;Rock Head;Reckless;120;2 Atk;204;;Monster;Field
97;113;Chansey;250;5;5;35;105;50;450;Normal;;Natural Cure;Serene Grace;Healer;34,6;2 HP;255;10240;Fairy;
181;114;Tangela;65;55;115;100;40;60;435;Grass;;Chlorophyll;Leaf Guard;Regenerator;35;1 Def;166;5120;Grass;
-1;115;Kangaskhan;105;95;80;40;80;90;490;Normal;;Early Bird;Scrappy;Inner Focus;80;2 HP;175;5120;Monster;
-1;116;Horsea;30;40;70;70;25;60;295;Water;;Swift Swim;Sniper;Damp;8;1 SpA;83;5120;Water 1;Dragon
-1;117;Seadra;55;65;95;95;45;85;440;Water;;Poison Point;Sniper;Damp;25;1 Def/1 SpA;155;;Water 1;Dragon
78;118;Goldeen;45;67;60;35;50;63;320;Water;;Swift Swim;Water Veil;Lightningrod;15;1 Atk;111;5120;Water 2;
79;119;Seaking;80;92;65;65;80;68;450;Water;;Swift Swim;Water Veil;Lightningrod;39;2 Atk;170;;Water 2;
-1;120;Staryu;30;45;55;70;55;85;340;Water;;Illuminate;Natural Cure;Analytic;34,5;1 Spe;106;5120;Water 3;
-1;121;Starmie;60;75;85;100;85;115;520;Water;Psychic;Illuminate;Natural Cure;Analytic;80;2 Spe;207;;Water 3;
95;122;Mr. Mime;40;45;65;100;120;90;460;Psychic;;Soundproof;Filter;Technician;54,5;2 SpD;136;6400;Human-Like;
195;123;Scyther;70;110;80;55;80;105;500;Bug;Flying;Swarm;Technician;Steadfast;56;1 Atk;187;6400;Bug;
-1;124;Jynx;65;50;35;115;95;95;455;Ice;Psychic;Oblivious;Forewarn;Dry Skin;40,6;2 SpA;137;;Human-Like;
198;125;Electabuzz;65;83;57;95;85;105;490;Electric;;Static;;Vital Spirit;30;2 Spe;156;;Human-Like;
201;126;Magmar;65;95;57;100;85;93;495;Fire;;Flame Body;;Vital Spirit;44,5;2 SpA;167;;Human-Like;
-1;127;Pinsir;65;125;100;55;70;85;500;Bug;;Hyper Cutter;Mold Breaker;Moxie;55;2 Atk;200;6400;Bug;
-1;128;Tauros;75;100;95;40;70;110;490;Normal;;Intimidate;Anger Point;Sheer Force;88,4;1 Atk/1 Spe;211;5120;Field;
23;129;Magikarp;20;10;55;15;20;80;200;Water;;Swift Swim;;Rattled;10;1 Spe;20;1280;Water 2;Dragon
24;130;Gyarados;95;125;79;60;100;81;540;Water;Flying;Intimidate;;Moxie;235;2 Atk;214;;Water 2;Dragon
-1;131;Lapras;130;85;80;85;95;60;535;Water;Ice;Water Absorb;Shell Armor;Hydration;220;2 HP;219;10240;Monster;Water 1
-1;132;Ditto;48;48;48;48;48;48;288;Normal;;Limber;;Imposter;4;1 HP;61;;Ditto;
163;133;Eevee;55;55;50;45;65;55;325;Normal;;Run Away;Adaptability;Anticipation;6,5;1 SpD;92;8960;Field;
164;134;Vaporeon;130;65;60;110;95;65;525;Water;;Water Absorb;;Hydration;29;2 HP;196;;Field;
165;135;Jolteon;65;65;60;110;95;130;525;Electric;;Volt Absorb;;Quick Feet;24,5;2 Spe;197;;Field;
166;136;Flareon;65;130;60;95;110;65;525;Fire;;Flash Fire;;Guts;25;2 Atk;198;;Field;
192;137;Porygon;65;60;70;85;75;40;395;Normal;;Trace;Download;Analytic;36,5;1 SpA;130;5120;Mineral;
-1;138;Omanyte;35;40;100;90;55;35;355;Rock;Water;Swift Swim;Shell Armor;Weak Armor;7,5;1 Def;99;7680;Water 1;Water 3
-1;139;Omastar;70;60;125;115;70;55;495;Rock;Water;Swift Swim;Shell Armor;Weak Armor;35;2 Def;199;;Water 1;Water 3
-1;140;Kabuto;30;80;90;55;45;55;355;Rock;Water;Swift Swim;Battle Armor;Weak Armor;11,5;1 Def;99;7680;Water 1;Water 3
-1;141;Kabutops;60;115;105;65;70;80;495;Rock;Water;Swift Swim;Battle Armor;Weak Armor;40,5;2 Atk;199;;Water 1;Water 3
-1;142;Aerodactyl;80;105;65;60;75;130;515;Rock;Flying;Rock Head;Pressure;Unnerve;59;2 Spe;202;8960;Flying;
113;143;Snorlax;160;110;65;65;110;30;540;Normal;;Immunity;Thick Fat;Gluttony;460;2 HP;154;10240;Monster;
-1;144;Articuno;90;85;100;95;125;85;580;Ice;Flying;Pressure;;Snow Cloak;55,4;3 SpD;215;;-;
-1;145;Zapdos;90;90;85;125;90;100;580;Electric;Flying;Pressure;;Lightningrod;52,6;3 SpA;216;;-;
-1;146;Moltres;90;100;90;125;85;90;580;Fire;Flying;Pressure;;Flame Body;60;3 SpA;217;;-;
-1;147;Dratini;41;64;45;50;50;50;300;Dragon;;Shed Skin;;Marvel Scale;3,3;1 Atk;67;10240;Water 1;Dragon
-1;148;Dragonair;61;84;65;70;70;70;420;Dragon;;Shed Skin;;Marvel Scale;16,5;2 Atk;144;;Water 1;Dragon
-1;149;Dragonite;91;134;95;100;100;80;600;Dragon;Flying;Inner Focus;;Multiscale;210;3 Atk;218;;Water 1;Dragon
-1;150;Mewtwo;106;110;90;154;90;130;680;Psychic;;Pressure;;Unnerve;122;3 SpA;220;;-;
-1;151;Mew;100;100;100;100;100;100;600;Psychic;;Synchronize;;;4;3 HP;64;;-;
-1;152;Chikorita;45;49;65;49;65;45;318;Grass;;Overgrow;;Leaf Guard;6,4;1 SpD;64;5120;Monster;Grass
-1;153;Bayleef;60;62;80;63;80;69;414;Grass;;Overgrow;;Leaf Guard;15,8;1 Def/1 SpD;141;;Monster;Grass
-1;154;Meganium;80;82;100;83;100;80;525;Grass;;Overgrow;;Leaf Guard;100,5;1 Def/2 SpD;208;;Monster;Grass
-1;155;Cyndaquil;39;52;43;60;50;65;309;Fire;;Blaze;;Flash Fire;7,9;1 Spe;65;5120;Field;
-1;156;Quilava;58;64;58;80;65;80;405;Fire;;Blaze;;Flash Fire;19;1 SpA/1 Spe;142;;Field;
-1;157;Typhlosion;78;84;78;109;85;100;534;Fire;;Blaze;;Flash Fire;79,5;3 SpA;209;;Field;
-1;158;Totodile;50;65;64;44;48;43;314;Water;;Torrent;;Sheer Force;9,5;1 Atk;66;5120;Monster;Water 1
-1;159;Croconaw;65;80;80;59;63;58;405;Water;;Torrent;;Sheer Force;25;1 Atk/1 Def;143;;Monster;Water 1
-1;160;Feraligatr;85;105;100;79;83;78;530;Water;;Torrent;;Sheer Force;88,8;2 Atk/1 Def;210;;Monster;Water 1
-1;161;Sentret;35;46;34;35;45;20;215;Normal;;Run Away;Keen Eye;Frisk;6;1 Atk;57;3840;Field;
-1;162;Furret;85;76;64;45;55;90;415;Normal;;Run Away;Keen Eye;Frisk;32,5;2 Spe;116;;Field;
106;163;Hoothoot;60;30;30;36;56;50;262;Normal;Flying;Insomnia;Keen Eye;Tinted Lens;21,2;1 HP;58;3840;Flying;
107;164;Noctowl;100;50;50;76;96;70;442;Normal;Flying;Insomnia;Keen Eye;Tinted Lens;40,8;2 HP;162;;Flying;
-1;165;Ledyba;40;20;30;40;80;55;265;Bug;Flying;Swarm;Early Bird;Rattled;10,8;1 SpD;54;3840;Bug;
-1;166;Ledian;55;35;50;55;110;85;390;Bug;Flying;Swarm;Early Bird;Iron Fist;35,6;2 SpD;134;;Bug;
-1;167;Spinarak;40;60;40;40;40;30;250;Bug;Poison;Swarm;Insomnia;Sniper;8,5;1 Atk;54;3840;Bug;
-1;168;Ariados;70;90;70;60;60;40;390;Bug;Poison;Swarm;Insomnia;Sniper;33,5;2 Atk;134;;Bug;
30;169;Crobat;85;90;80;70;80;130;535;Poison;Flying;Inner Focus;;Infiltrator;75;3 Spe;204;;Flying;
-1;170;Chinchou;75;38;38;56;56;67;330;Water;Electric;Volt Absorb;Illuminate;Water Absorb;12;1 HP;90;5120;Water 2;
-1;171;Lanturn;125;58;58;76;76;67;460;Water;Electric;Volt Absorb;Illuminate;Water Absorb;22,5;2 HP;156;;Water 2;
103;172;Pichu;20;40;15;35;35;60;205;Electric;;Static;;Lightningrod;2;1 Spe;42;2560;-;
99;173;Cleffa;50;25;28;45;55;15;218;Normal;;Cute Charm;Magic Guard;Friend Guard;3;2 SpD;37;2560;-;
-1;174;Igglybuff;90;30;15;40;20;15;210;Normal;;Cute Charm;;Friend Guard;1;1 HP;39;2560;-;
173;175;Togepi;35;20;65;40;65;20;245;Normal;;Hustle;Serene Grace;Super Luck;1,5;1 SpD;74;2560;-;
174;176;Togetic;55;40;85;80;105;40;405;Normal;Flying;Hustle;Serene Grace;Super Luck;3,2;2 SpD;114;;Flying;Fairy
-1;177;Natu;40;50;45;70;45;70;320;Psychic;Flying;Synchronize;Early Bird;Magic Bounce;2;1 SpA;73;5120;Flying;
-1;178;Xatu;65;75;70;95;70;95;470;Psychic;Flying;Synchronize;Early Bird;Magic Bounce;15;1 SpA/1 Spe;171;;Flying;
-1;179;Mareep;55;40;40;65;45;35;280;Electric;;Static;;Plus;7,8;1 SpA;59;5120;Monster;Field
-1;180;Flaaffy;70;55;55;80;60;45;365;Electric;;Static;;Plus;13,3;2 SpA;117;;Monster;Field
-1;181;Ampharos;90;75;75;115;90;55;500;Electric;;Static;;Plus;61,5;3 SpA;194;;Monster;Field
-1;182;Bellossom;75;80;85;90;100;50;480;Grass;;Chlorophyll;;Healer;5,8;3 SpD;184;;Grass;
125;183;Marill;70;20;50;20;50;40;250;Water;;Thick Fat;Huge Power;Sap Sipper;8,5;2 HP;58;2560;Water 1;Fairy
126;184;Azumarill;100;50;80;50;80;50;410;Water;;Thick Fat;Huge Power;Sap Sipper;28,5;3 HP;153;;Water 1;Fairy
-1;185;Sudowoodo;70;100;115;30;65;30;410;Rock;;Sturdy;Rock Head;Rattled;38;2 Def;135;5120;Mineral;
-1;186;Politoed;90;75;75;90;100;70;500;Water;;Water Absorb;Damp;Drizzle;33,9;3 SpD;185;;Water 1;
-1;187;Hoppip;35;35;40;35;55;50;250;Grass;Flying;Chlorophyll;Leaf Guard;Infiltrator;0,5;1 SpD;74;5120;Fairy;Grass
-1;188;Skiploom;55;45;50;45;65;80;340;Grass;Flying;Chlorophyll;Leaf Guard;Infiltrator;1;2 Spe;136;;Fairy;Grass
-1;189;Jumpluff;75;55;70;55;85;110;450;Grass;Flying;Chlorophyll;Leaf Guard;Infiltrator;3;3 Spe;176;;Fairy;Grass
63;190;Aipom;55;70;55;40;55;85;360;Normal;;Run Away;Pickup;Skill Link;11,5;1 Spe;94;5120;Field;
-1;191;Sunkern;30;30;30;30;30;30;180;Grass;;Chlorophyll;Solar Power;Early Bird;1,8;1 SpA;52;5120;Grass;
-1;192;Sunflora;75;75;55;105;85;30;425;Grass;;Chlorophyll;Solar Power;Early Bird;8,5;2 SpA;146;;Grass;
183;193;Yanma;65;65;45;75;45;95;390;Bug;Flying;Speed Boost;Compoundeyes;Frisk;38;2 Spe;147;5120;Bug;
117;194;Wooper;55;45;45;25;25;15;210;Water;Ground;Damp;Water Absorb;Unaware;8,5;1 HP;52;5120;Water 1;Field
118;195;Quagsire;95;85;85;65;65;35;430;Water;Ground;Damp;Water Absorb;Unaware;75;2 HP;137;;Water 1;Field
167;196;Espeon;65;65;60;130;95;110;525;Psychic;;Synchronize;;Magic Bounce;26,5;2 SpA;197;;Field;
168;197;Umbreon;95;65;110;60;130;65;525;Dark;;Synchronize;;Inner Focus;27;2 SpD;197;;Field;
74;198;Murkrow;60;85;42;85;42;91;405;Dark;Flying;Insomnia;Super Luck;Prankster;2,1;1 Spe;107;5120;Flying;
-1;199;Slowking;95;75;80;100;110;30;490;Water;Psychic;Oblivious;Own Tempo;Regenerator;79,5;3 SpD;164;;Monster;Water 1
72;200;Misdreavus;60;60;60;85;85;85;435;Ghost;;Levitate;;;1;1 SpD;147;6400;Amorphous;
114;201;Unown;48;72;48;72;48;48;336;Psychic;;Levitate;;;5;1 Atk/1 SpA;61;;-;
-1;202;Wobbuffet;190;33;58;33;58;33;405;Psychic;;Shadow Tag;;Telepathy;28,5;2 HP;177;5120;Amorphous;
121;203;Girafarig;70;80;65;90;65;85;455;Normal;Psychic;Inner Focus;Early Bird;Sap Sipper;41,5;2 SpA;149;5120;Field;
-1;204;Pineco;50;65;90;35;35;15;290;Bug;;Sturdy;;Overcoat;7,2;1 Def;60;5120;Bug;
-1;205;Forretress;75;90;140;60;60;40;465;Bug;Steel;Sturdy;;Overcoat;125,8;2 Def;118;;Bug;
-1;206;Dunsparce;100;70;70;65;65;45;415;Normal;;Serene Grace;Run Away;Rattled;14;1 HP;125;5120;Field;
153;207;Gligar;65;75;105;35;65;85;430;Ground;Flying;Hyper Cutter;Sand Veil;Immunity;64,8;1 Def;108;5120;Bug;
35;208;Steelix;75;85;200;55;65;30;510;Steel;Ground;Rock Head;Sturdy;Sheer Force;400;2 Def;196;;Mineral;
-1;209;Snubbull;60;80;50;40;40;30;300;Normal;;Intimidate;Run Away;Rattled;7,8;1 Atk;63;5120;Field;Fairy
-1;210;Granbull;90;120;75;60;60;45;450;Normal;;Intimidate;Quick Feet;Rattled;48,7;2 Atk;178;;Field;Fairy
-1;211;Qwilfish;65;95;75;55;55;85;430;Water;Poison;Poison Point;Swift Swim;Intimidate;3,9;1 Atk;100;5120;Water 2;
196;212;Scizor;70;130;100;55;80;65;500;Bug;Steel;Swarm;Technician;Light Metal;118;2 Atk;200;;Bug;
-1;213;Shuckle;20;10;230;10;230;5;505;Bug;Rock;Sturdy;Gluttony;Contrary;20,5;1 Def/1 SpD;80;5120;Bug;
62;214;Heracross;80;125;75;40;95;85;500;Bug;Fighting;Swarm;Guts;Moxie;54;2 Atk;200;6400;Bug;
144;215;Sneasel;55;95;55;35;75;115;430;Dark;Ice;Inner Focus;Keen Eye;Pickpocket;28;1 Spe;132;5120;Field;
-1;216;Teddiursa;60;80;50;50;50;40;330;Normal;;Pickup;Quick Feet;Honey Gather;8,8;1 Atk;124;5120;Field;
-1;217;Ursaring;90;130;75;75;75;55;500;Normal;;Guts;Quick Feet;Unnerve;125,8;2 Atk;189;;Field;
-1;218;Slugma;40;40;40;70;40;20;250;Fire;;Magma Armor;Flame Body;Weak Armor;35;1 SpA;78;5120;Amorphous;
-1;219;Magcargo;50;50;120;80;80;30;410;Fire;Rock;Magma Armor;Flame Body;Weak Armor;55;2 Def;154;;Amorphous;
203;220;Swinub;50;50;40;30;30;50;250;Ice;Ground;Oblivious;Snow Cloak;Thick Fat;6,5;1 Atk;78;5120;Field;
204;221;Piloswine;100;100;80;60;60;50;450;Ice;Ground;Oblivious;Snow Cloak;Thick Fat;55,8;1 HP/1 Atk;160;;Field;
-1;222;Corsola;55;55;85;65;85;35;380;Water;Rock;Hustle;Natural Cure;Regenerator;5;1 Def/1 SpD;113;5120;Water 1;Water 3
132;223;Remoraid;35;65;35;65;35;65;300;Water;;Hustle;Sniper;Moody;12;1 SpA;78;5120;Water 1;Water 2
133;224;Octillery;75;105;75;105;75;45;480;Water;;Suction Cups;Sniper;Moody;28,5;1 Atk/1 SpA;164;;Water 1;Water 2
-1;225;Delibird;45;55;45;65;45;75;330;Ice;Flying;Vital Spirit;Hustle;Insomnia;16;1 Spe;183;5120;Water 1;Field
141;226;Mantine;65;40;70;80;140;70;465;Water;Flying;Swift Swim;Water Absorb;Water Veil;220;2 SpD;168;6400;Water 1;
-1;227;Skarmory;65;80;140;40;70;70;465;Steel;Flying;Keen Eye;Sturdy;Weak Armor;50,5;2 Def;168;6400;Flying;
176;228;Houndour;45;60;30;80;50;65;330;Dark;Fire;Early Bird;Flash Fire;Unnerve;10,8;1 SpA;114;5120;Field;
177;229;Houndoom;75;90;50;110;80;95;500;Dark;Fire;Early Bird;Flash Fire;Unnerve;35;2 SpA;204;;Field;
-1;230;Kingdra;75;95;95;95;95;85;540;Water;Dragon;Swift Swim;Sniper;Damp;152;1 Atk/1 SpA/1 SpD;207;;Water 1;Dragon
-1;231;Phanpy;90;60;60;40;40;40;330;Ground;;Pickup;;Sand Veil;33,5;1 HP;124;5120;Field;
-1;232;Donphan;90;120;120;60;60;50;500;Ground;;Sturdy;;Sand Veil;120;1 Atk/1 Def;189;;Field;
193;233;Porygon2;85;80;90;105;95;60;515;Normal;;Trace;Download;Analytic;32,5;2 SpA;180;;Mineral;
-1;234;Stantler;73;95;62;85;65;85;465;Normal;;Intimidate;Frisk;Sap Sipper;71,2;1 Atk;165;5120;Field;
-1;235;Smeargle;55;20;35;20;45;75;250;Normal;;Own Tempo;Technician;Moody;58;1 Spe;106;5120;Field;
-1;236;Tyrogue;35;35;35;35;35;35;210;Fighting;;Guts;Steadfast;Vital Spirit;21;1Atk;91;6400;-;
-1;237;Hitmontop;50;95;95;35;110;70;455;Fighting;;Intimidate;Technician;Steadfast;48;2 SpD;138;;Human-Like;
-1;238;Smoochum;45;30;15;85;65;65;305;Ice;Psychic;Oblivious;Forewarn;Hydration;6;1 SpA;87;6400;-;
197;239;Elekid;45;63;37;65;55;95;360;Electric;;Static;;Vital Spirit;23,5;1 Spe;106;6400;-;
200;240;Magby;45;75;37;70;55;83;365;Fire;;Flame Body;;Vital Spirit;21,4;1 Spe;117;6400;-;
-1;241;Miltank;95;80;105;40;70;100;490;Normal;;Thick Fat;Scrappy;Sap Sipper;75,5;2 Def;200;5120;Field;
98;242;Blissey;255;10;10;75;135;55;540;Normal;;Natural Cure;Serene Grace;Healer;46,8;3 HP;255;;Fairy;
-1;243;Raikou;90;85;75;115;100;115;580;Electric;;Pressure;;Volt Absorb;178;1 SpA/2 Spe;216;;-;
-1;244;Entei;115;115;85;90;75;100;580;Fire;;Pressure;;Flash Fire;198;1 HP/2 Atk;217;;-;
-1;245;Suicune;100;75;115;90;115;85;580;Water;;Pressure;;Water Absorb;187;1 Def/2 SpD;215;;-;
-1;246;Larvitar;50;64;50;45;50;41;300;Rock;Ground;Guts;;Sand Veil;72;1 Atk;67;10240;Monster;
-1;247;Pupitar;70;84;70;65;70;51;410;Rock;Ground;Shed Skin;;;152;2 Atk;144;;Monster;
-1;248;Tyranitar;100;134;110;95;100;61;600;Rock;Dark;Sand Stream;;Unnerve;202;3 Atk;218;;Monster;
-1;249;Lugia;106;90;130;90;154;110;680;Psychic;Flying;Pressure;;Multiscale;216;3 SpD;220;;-;
-1;250;Ho-oh;106;130;90;110;154;90;680;Fire;Flying;Pressure;;Regenerator;199;3 SpD;220;;-;
-1;251;Celebi;100;100;100;100;100;100;600;Psychic;Grass;Natural Cure;;;5;3 HP;64;;-;
-1;252;Treecko;40;45;35;65;55;70;310;Grass;;Overgrow;;Unburden;5;1 Spe;65;5120;Monster;Dragon
-1;253;Grovyle;50;65;45;85;65;95;405;Grass;;Overgrow;;Unburden;21,6;2 Spe;141;;Monster;Dragon
-1;254;Sceptile;70;85;65;105;85;120;530;Grass;;Overgrow;;Unburden;52,2;3 Spe;208;;Monster;Dragon
-1;255;Torchic;45;60;40;70;50;45;310;Fire;;Blaze;;Speed Boost;2,5;1 SpA;65;5120;Field;
-1;256;Combusken;60;85;60;85;60;55;405;Fire;Fighting;Blaze;;Speed Boost;19,5;1 Atk/1 SpA;142;;Field;
-1;257;Blaziken;80;120;70;110;70;80;530;Fire;Fighting;Blaze;;Speed Boost;52;3 Atk;209;;Field;
-1;258;Mudkip;50;70;50;50;50;40;310;Water;;Torrent;;Damp;7,6;1 Atk;65;5120;Monster;Water 1
-1;259;Marshtomp;70;85;70;60;70;50;405;Water;Ground;Torrent;;Damp;28;2 Atk;143;;Monster;Water 1
-1;260;Swampert;100;110;90;85;90;60;535;Water;Ground;Torrent;;Damp;81,9;3 Atk;210;;Monster;Water 1
-1;261;Poochyena;35;55;35;30;30;35;220;Dark;;Run Away;Quick Feet;Rattled;13,6;1 Atk;55;3840;Field;
-1;262;Mightyena;70;90;70;60;60;70;420;Dark;;Intimidate;Quick Feet;Moxie;37;2 Atk;128;;Field;
-1;263;Zigzagoon;38;30;41;30;41;60;240;Normal;;Pickup;Gluttony;Quick Feet;17,5;1 Spe;60;3840;Field;
-1;264;Linoone;78;70;61;50;61;100;420;Normal;;Pickup;Gluttony;Quick Feet;32,5;2 Spe;128;;Field;
48;265;Wurmple;45;45;35;20;30;20;195;Bug;;Shield Dust;;Run Away;3,6;1 HP;54;3840;Bug;
49;266;Silcoon;50;35;55;25;25;15;205;Bug;;Shed Skin;;;10;2 Def;72;;Bug;
50;267;Beautifly;60;70;50;90;50;65;385;Bug;Flying;Swarm;;Rivalry;28,4;3 SpA;161;;Bug;
51;268;Cascoon;50;35;55;25;25;15;205;Bug;;Shed Skin;;;11,5;2 Def;72;;Bug;
52;269;Dustox;60;50;70;50;90;65;385;Bug;Poison;Shield Dust;;Compoundeyes;31,6;3 SpD;161;;Bug;
-1;270;Lotad;40;30;30;40;50;30;220;Water;Grass;Swift Swim;Rain Dish;Own Tempo;2,6;1 SpD;74;3840;Water 1;Grass
-1;271;Lombre;60;50;50;60;70;50;340;Water;Grass;Swift Swim;Rain Dish;Own Tempo;32,5;2 SpD;141;;Water 1;Grass
-1;272;Ludicolo;80;70;70;90;100;70;480;Water;Grass;Swift Swim;Rain Dish;Own Tempo;55;3 SpD;181;;Water 1;Grass
-1;273;Seedot;40;40;50;30;30;30;220;Grass;;Chlorophyll;Early Bird;Pickpocket;4;1 Def;74;3840;Field;Grass
-1;274;Nuzleaf;70;70;40;60;40;60;340;Grass;Dark;Chlorophyll;Early Bird;Pickpocket;28;2 Atk;141;;Field;Grass
-1;275;Shiftry;90;100;60;90;60;80;480;Grass;Dark;Chlorophyll;Early Bird;Pickpocket;59,6;3 Atk;181;;Field;Grass
-1;276;Taillow;40;55;30;30;30;85;270;Normal;Flying;Guts;;Scrappy;2,3;1 Spe;59;3840;Flying;
-1;277;Swellow;60;85;60;50;50;125;430;Normal;Flying;Guts;;Scrappy;19,8;2 Spe;162;;Flying;
119;278;Wingull;40;30;30;55;30;85;270;Water;Flying;Keen Eye;;Rain Dish;9,5;1 Spe;64;5120;Water 1;Flying
120;279;Pelipper;60;50;100;85;70;65;430;Water;Flying;Keen Eye;;Rain Dish;28;2 Def;164;;Water 1;Flying
157;280;Ralts;28;25;25;45;35;40;198;Psychic;;Synchronize;Trace;Telepathy;6,6;1 SpA;70;5120;Amorphous;
158;281;Kirlia;38;35;35;65;55;50;278;Psychic;;Synchronize;Trace;Telepathy;20,2;2 SpA;140;;Amorphous;
159;282;Gardevoir;68;65;65;125;115;80;518;Psychic;;Synchronize;Trace;Telepathy;48,4;3 SpA;208;;Amorphous;
-1;283;Surskit;40;30;32;50;52;65;269;Bug;Water;Swift Swim;;Rain Dish;1,7;1 Spe;63;3840;Water 1;Bug
-1;284;Masquerain;70;60;62;80;82;60;414;Bug;Flying;Intimidate;;Unnerve;3,6;1 SpA/1 SpD;128;;Water 1;Bug
-1;285;Shroomish;60;40;60;40;60;35;295;Grass;;Effect Spore;Poison Heal;Quick Feet;4,5;1 HP;65;3840;Fairy;Grass
-1;286;Breloom;60;130;80;60;60;70;460;Grass;Fighting;Effect Spore;Poison Heal;Technician;39,2;2 Atk;165;;Fairy;Grass
-1;287;Slakoth;60;60;60;35;35;30;280;Normal;;Truant;;;24;1 HP;83;3840;Field;
-1;288;Vigoroth;80;80;80;55;55;90;440;Normal;;Vital Spirit;;;46,5;2 Spe;126;;Field;
-1;289;Slaking;150;160;100;95;65;100;670;Normal;;Truant;;;130,5;3 HP;210;;Field;
-1;290;Nincada;31;45;90;30;30;40;266;Bug;Ground;Compoundeyes;;Run Away;5,5;1 Def;65;3840;Bug;
-1;291;Ninjask;61;90;45;50;50;160;456;Bug;Flying;Speed Boost;;Infiltrator;12;2 Spe;155;;Bug;
-1;292;Shedinja;1;90;45;30;30;40;236;Bug;Ghost;Wonder Guard;;;1,2;2 HP;95;;Mineral;
-1;293;Whismur;64;51;23;51;23;28;240;Normal;;Soundproof;;Rattled;16,3;1 HP;68;5120;Monster;Field
104;294;Loudred;84;71;43;71;43;48;360;Normal;;Soundproof;;Scrappy;40,5;2 HP;126;;Monster;Field
105;295;Exploud;104;91;63;91;63;68;480;Normal;;Soundproof;;Scrappy;84;3 HP;184;;Monster;Field
-1;296;Makuhita;72;60;30;20;30;25;237;Fighting;;Thick Fat;Guts;Sheer Force;86,4;1 HP;87;5120;Human-Like;
-1;297;Hariyama;144;120;60;40;60;50;474;Fighting;;Thick Fat;Guts;Sheer Force;253,8;2 HP;184;;Human-Like;
124;298;Azurill;50;20;40;20;40;20;190;Normal;;Thick Fat;Huge Power;Sap Sipper;2;1 HP;33;2560;-;
155;299;Nosepass;30;45;135;45;90;30;375;Rock;;Sturdy;Magnet Pull;Sand Force;97;1 Def;108;5120;Mineral;
-1;300;Skitty;50;45;45;35;35;50;260;Normal;;Cute Charm;Normalize;Wonder Skin;11;1 Spe;65;3840;Field;Fairy
-1;301;Delcatty;70;65;65;55;55;70;380;Normal;;Cute Charm;Normalize;Wonder Skin;32,6;1 HP/1 Spe;138;;Field;Fairy
-1;302;Sableye;50;75;75;65;65;50;380;Dark;Ghost;Keen Eye;Stall;Prankster;11;1 Atk/1 Def;98;6400;Human-Like;
-1;303;Mawile;50;85;85;55;55;50;380;Steel;;Hyper Cutter;Intimidate;Sheer Force;11,5;1 Atk/1 Def;98;5120;Field;Fairy
100;304;Aron;50;70;100;40;40;30;330;Steel;Rock;Sturdy;Rock Head;Heavy Metal;60;1 Def;96;8960;Monster;
101;305;Lairon;60;90;140;50;50;40;430;Steel;Rock;Sturdy;Rock Head;Heavy Metal;120;2 Def;152;;Monster;
-1;306;Aggron;70;110;180;60;60;50;530;Steel;Rock;Sturdy;Rock Head;Heavy Metal;360;3 Def;205;;Monster;
86;307;Meditite;30;40;55;40;55;60;280;Fighting;Psychic;Pure Power;;Telepathy;11,2;1 Spe;91;5120;Human-Like;
87;308;Medicham;60;60;75;60;75;80;410;Fighting;Psychic;Pure Power;;Telepathy;31,5;2 Spe;153;;Human-Like;
-1;309;Electrike;40;45;40;65;40;65;295;Electric;;Static;Lightningrod;Minus;15,2;1 Spe;104;5120;Field;
28;310;Manectric;70;75;60;105;60;105;475;Electric;;Static;Lightningrod;Minus;40,2;2 Spe;168;;Field;
29;311;Plusle;60;50;40;85;75;95;405;Electric;;Plus;;;4,2;1 Spe;120;5120;Fairy;
-1;312;Minun;60;40;50;75;85;95;405;Electric;;Minus;;;4,2;1 Spe;120;5120;Fairy;
-1;313;Volbeat;65;73;55;47;75;85;400;Bug;;Illuminate;Swarm;Prankster;17,7;1 Spe;146;3840;Bug;Human-Like
-1;314;Illumise;65;47;55;73;75;85;400;Bug;;Oblivious;Tinted Lens;Prankster;17,7;1 Spe;146;3840;Bug;Human-Like
26;315;Roselia;50;60;45;100;80;65;400;Grass;Poison;Natural Cure;Poison Point;Leaf Guard;2;2 SpA;152;5120;Fairy;Grass
-1;316;Gulpin;70;43;53;43;53;40;302;Poison;;Liquid Ooze;Sticky Hold;Gluttony;10,3;1 HP;75;5120;Amorphous;
-1;317;Swalot;100;73;83;73;83;55;467;Poison;;Liquid Ooze;Sticky Hold;Gluttony;80;2 HP;168;;Amorphous;
-1;318;Carvanha;45;90;20;65;20;65;305;Water;Dark;Rough Skin;;Speed Boost;20,8;1 Atk;88;5120;Water 2;
-1;319;Sharpedo;70;120;40;95;40;95;460;Water;Dark;Rough Skin;;Speed Boost;88,8;2 Atk;175;;Water 2;
-1;320;Wailmer;130;70;35;70;35;60;400;Water;;Water Veil;Oblivious;Pressure;130;1 HP;137;10240;Field;Water 2
-1;321;Wailord;170;90;45;90;45;60;500;Water;;Water Veil;Oblivious;Pressure;398;2 HP;206;;Field;Water 2
-1;322;Numel;60;60;40;65;45;35;305;Fire;Ground;Oblivious;Simple;Own Tempo;24;1 SpA;88;5120;Field;
43;323;Camerupt;70;100;70;105;75;40;460;Fire;Ground;Magma Armor;Solid Rock;Anger Point;220;1 Atk/1 SpA;175;;Field;
44;324;Torkoal;70;85;140;85;70;20;470;Fire;;White Smoke;;Shell Armor;80,4;2 Def;161;5120;Field;
-1;325;Spoink;60;25;35;70;80;60;330;Psychic;;Thick Fat;Own Tempo;Gluttony;30,6;1 SpD;89;5120;Field;
-1;326;Grumpig;80;45;65;90;110;80;470;Psychic;;Thick Fat;Own Tempo;Gluttony;71,5;2 SpD;164;;Field;
-1;327;Spinda;60;60;60;60;60;60;360;Normal;;Own Tempo;Tangled Feet;Contrary;5;1 SpA;85;3840;Field;Human-Like
-1;328;Trapinch;45;100;45;45;45;10;290;Ground;;Hyper Cutter;Arena Trap;Sheer Force;15;1 Atk;73;5120;Bug;
-1;329;Vibrava;50;70;50;50;50;70;340;Ground;Dragon;Levitate;;;15,3;1 Atk/1 Spe;126;;Bug;
-1;330;Flygon;80;100;80;80;80;100;520;Ground;Dragon;Levitate;;;82;1 Atk/2 Spe;197;;Bug;
-1;331;Cacnea;50;85;40;85;40;35;335;Grass;;Sand Veil;;Water Absorb;51,3;1 SpA;97;5120;Grass;Human-Like
20;332;Cacturne;70;115;60;115;60;55;475;Grass;Dark;Sand Veil;;Water Absorb;77,4;1 Atk/1 SpA;177;;Grass;Human-Like
171;333;Swablu;45;40;60;40;75;50;310;Normal;Flying;Natural Cure;;Cloud Nine;1,2;1 SpD;74;5120;Flying;Dragon
172;334;Altaria;75;70;90;70;105;80;490;Dragon;Flying;Natural Cure;;Cloud Nine;20,6;2 SpD;188;;Flying;Dragon
40;335;Zangoose;73;115;60;60;60;90;458;Normal;;Immunity;;Poison Rampage;40,3;2 Atk;165;5120;Field;
41;336;Seviper;73;100;60;100;60;65;458;Poison;;Shed Skin;;Infiltrator;52,5;1 Atk/1 SpA;165;5120;Field;Dragon
42;337;Lunatone;70;55;65;95;85;70;440;Rock;Psychic;Levitate;;;168;2 SpA;150;6400;Mineral;
-1;338;Solrock;70;95;85;55;65;70;440;Rock;Psychic;Levitate;;;154;2 Atk;150;6400;Mineral;
80;339;Barboach;50;48;43;46;41;60;288;Water;Ground;Oblivious;Anticipate;Hydration;1,9;1 HP;92;5120;Water 2;
81;340;Whiscash;110;78;73;76;71;60;468;Water;Ground;Oblivious;Anticipate;Hydration;23,6;2 HP;158;;Water 2;
136;341;Corphish;43;80;65;50;35;35;308;Water;;Hyper Cutter;Shell Armor;Adaptability;11,5;1 Atk;111;3840;Water 1;Water 3
137;342;Crawdaunt;63;120;85;90;55;55;468;Water;Dark;Hyper Cutter;Shell Armor;Adaptability;32,8;2 Atk;161;;Water 1;Water 3
31;343;Baltoy;40;40;55;40;70;55;300;Ground;Psychic;Levitate;;;21,5;1 SpD;58;5120;Mineral;
32;344;Claydol;60;70;105;70;120;75;500;Ground;Psychic;Levitate;;;108;2 SpD;189;;Mineral;
33;345;Lileep;66;41;77;61;87;23;355;Rock;Grass;Suction Cups;;Storm Drain;23,8;1 SpD;99;7680;Water 3;
77;346;Cradily;86;81;97;81;107;43;495;Rock;Grass;Suction Cups;;Storm Drain;60,4;2 SpD;199;;Water 3;
78;347;Anorith;45;95;50;40;50;75;355;Rock;Bug;Battle Armor;;Swift Swim;12,5;1 Atk;99;7680;Water 3;
-1;348;Armaldo;75;125;100;70;80;45;495;Rock;Bug;Battle Armor;;Swift Swim;68,2;2 Atk;199;;Water 3;
138;349;Feebas;20;15;20;10;55;80;200;Water;;Swift Swim;;Adaptability;7,4;1 Spe;61;5120;Water 1;Dragon
139;350;Milotic;95;60;79;100;125;81;540;Water;;Marvel Scale;;Cute Charm;162;2 SpD;213;;Water 1;Dragon
179;351;Castform;70;70;70;70;70;70;420;Normal;;Forecast;;;0,8;1 HP;145;6400;Fairy;Amorphous
-1;352;Kecleon;60;90;70;60;120;40;440;Normal;;Color Change;;;22;1 SpD;132;5120;Field;
-1;353;Shuppet;44;75;35;63;33;45;295;Ghost;;Insomnia;Frisk;Cursed Body;2,3;1 Atk;97;6400;Amorphous;
-1;354;Banette;64;115;65;83;63;65;455;Ghost;;Insomnia;Frisk;Cursed Body;12,5;2 Atk;179;;Amorphous;
189;355;Duskull;20;40;90;30;90;25;295;Ghost;;Levitate;;;15;1 SpD;97;6400;Amorphous;
190;356;Dusclops;40;70;130;60;130;25;455;Ghost;;Pressure;;;30,6;1 Def/1 SpD;179;;Amorphous;
185;357;Tropius;99;68;83;72;87;51;460;Grass;Flying;Chlorophyll;Solar Power;Harvest;100;2 HP;169;6400;Monster;Grass
83;358;Chimecho;65;50;70;95;80;65;425;Psychic;;Levitate;;;1;1 SpA/1 SpD;147;6400;Amorphous;
209;359;Absol;65;130;60;75;60;75;465;Dark;;Pressure;Super Luck;Justified;47;2 Atk;174;6400;Field;
-1;360;Wynaut;95;23;48;23;48;23;260;Psychic;;Shadow Tag;;Telepathy;14;1 HP;44;5120;-;
206;361;Snorunt;50;50;50;50;50;50;300;Ice;;Inner Focus;Ice Body;Moody;16,8;1 HP;74;5120;Fairy;Mineral
207;362;Glalie;80;80;80;80;80;80;480;Ice;;Inner Focus;Ice Body;Moody;256,5;2 HP;187;;Fairy;Mineral
71;363;Spheal;70;40;50;55;50;25;290;Ice;Water;Thick Fat;Ice Body;Oblivious;39,5;1 HP;75;5120;Water 1;Field
34;364;Sealeo;90;60;70;75;70;45;410;Ice;Water;Thick Fat;Ice Body;Oblivious;87,6;2 HP;128;;Water 1;Field
-1;365;Walrein;110;80;90;95;90;65;530;Ice;Water;Thick Fat;Ice Body;Oblivious;150,6;3 HP;192;;Water 1;Field
-1;366;Clamperl;35;64;85;74;55;32;345;Water;;Shell Armor;;Rattled;52,5;1 Def;142;5120;Water 1;
-1;367;Huntail;55;104;105;94;75;52;485;Water;;Swift Swim;;Water Veil;27;1 Atk/1 Def;178;;Water 1;
-1;368;Gorebyss;55;84;105;114;75;52;485;Water;;Swift Swim;;Hydration;22,6;2 SpA;178;;Water 1;
-1;369;Relicanth;100;90;130;45;65;55;485;Water;Rock;Swift Swim;Rock Head;Sturdy;23,4;1 HP/1 Def;198;10240;Water 1;Water 2
-1;370;Luvdisc;43;30;55;40;65;97;330;Water;;Swift Swim;;Hydration;8,7;1 Spe;110;5120;Water 2;
-1;371;Bagon;45;75;60;40;30;50;300;Dragon;;Rock Head;;Sheer Force;42,1;1 Atk;89;10240;Dragon;
-1;372;Shelgon;65;95;100;60;50;50;420;Dragon;;Rock Head;;Overcoat;110,5;2 Def;144;;Dragon;
-1;373;Salamence;95;135;80;110;80;100;600;Dragon;Flying;Intimidate;;Moxie;102,6;3 Atk;218;;Dragon;
-1;374;Beldum;40;55;80;35;60;30;300;Steel;Psychic;Clear Body;;Light Metal;95,2;1 Def;103;10240;Mineral;
-1;375;Metang;60;75;100;55;80;50;420;Steel;Psychic;Clear Body;;Light Metal;202,5;2 Def;153;;Mineral;
-1;376;Metagross;80;135;130;95;90;70;600;Steel;Psychic;Clear Body;;Light Metal;550;3 Def;210;;Mineral;
161;377;Regirock;80;100;200;50;100;50;580;Rock;;Clear Body;;Sturdy;230;3 Def;217;;-;
-1;378;Regice;80;50;100;100;200;50;580;Ice;;Clear Body;;Ice Body;175;3 SpD;216;;-;
-1;379;Registeel;80;75;150;75;150;50;580;Steel;;Clear Body;;Light Metal;205;2 Def/1 SpD;215;;-;
186;380;Latias;80;80;90;110;130;110;600;Dragon;Psychic;Levitate;;;40;3 SpD;211;;-;
187;381;Latios;80;90;80;130;110;110;600;Dragon;Psychic;Levitate;;;60;3 SpA;211;;-;
97;382;Kyogre;100;100;90;150;140;90;670;Water;;Drizzle;;;352;3 SpA;218;;-;
181;383;Groudon;100;150;140;100;90;90;670;Ground;;Drought;;;950;3 Atk;218;;-;
-1;384;Rayquaza;105;150;90;150;90;95;680;Dragon;Flying;Air Lock;;;206,5;2 Atk/1 SpA;220;;-;
-1;385;Jirachi;100;100;100;100;100;100;600;Steel;Psychic;Serene Grace;;;1,1;3 HP;215;;-;
-1;386;Deoxys;50;150;50;150;50;150;600;Psychic;;Pressure;;;60,8;1 Atk/1 SpA/1 Spe;215;;-;
1;387;Turtwig;55;68;64;45;55;31;318;Grass;;Overgrow;;Shell Armor;10,2;1 Atk;64;5120;Monster;Grass
2;388;Grotle;75;89;85;55;65;36;405;Grass;;Overgrow;;Shell Armor;97;1 Atk/1 Def;141;;Monster;Grass
3;389;Torterra;95;109;105;75;85;56;525;Grass;Ground;Overgrow;;Shell Armor;310;2 Atk/1 Def;208;;Monster;Grass
4;390;Chimchar;44;58;44;58;44;61;309;Fire;;Blaze;;Iron Fist;6,2;1 Spe;65;5120;Field;Human-Like
5;391;Monferno;64;78;52;78;52;81;405;Fire;Fighting;Blaze;;Iron Fist;22;1 Spe/1 SpA;142;;Field;Human-Like
6;392;Infernape;76;104;71;104;71;108;534;Fire;Fighting;Blaze;;Iron Fist;55;1 Atk/1 SpA/1 Spe;209;;Field;Human-Like
7;393;Piplup;53;51;53;61;56;40;314;Water;;Torrent;;Defiant;5,2;1 SpA;66;5120;Water 1;Field
8;394;Prinplup;64;66;68;81;76;50;405;Water;;Torrent;;Defiant;23;2 SpA;143;;Water 1;Field
9;395;Empoleon;84;86;88;111;101;60;530;Water;Steel;Torrent;;Defiant;84,5;3 SpA;210;;Water 1;Field
10;396;Starly;40;55;30;30;30;60;245;Normal;Flying;Keen Eye;;;2;1 Spe;56;3840;Flying;
11;397;Staravia;55;75;50;40;40;80;340;Normal;Flying;Intimidate;;Reckless;15,5;2 Spe;113;;Flying;
12;398;Staraptor;85;120;70;50;50;100;475;Normal;Flying;Intimidate;;Reckless;24,9;3 Atk;172;;Flying;
13;399;Bidoof;59;45;40;35;40;31;250;Normal;;Simple;Unaware;Moody;20;1 HP;58;3840;Water 1;Field
14;400;Bibarel;79;85;60;60;71;55;410;Normal;Water;Simple;Unaware;Moody;31,5;2 Atk;116;;Water 1;Field
15;401;Kricketot;37;25;41;25;41;25;194;Bug;;Shed Skin;;Run Away;2,2;1 Def;54;3840;Bug;
16;402;Kricketune;77;85;51;55;51;65;384;Bug;;Swarm;;Technician;25,5;2 Atk;159;;Bug;
17;403;Shinx;45;65;34;40;34;45;263;Electric;;Rivalry;Intimidate;Guts;9,5;1Atk;60;5120;Field;
18;404;Luxio;60;85;49;60;49;60;363;Electric;;Rivalry;Intimidate;Guts;30,5;2 Atk;117;;Field;
19;405;Luxray;80;120;79;95;79;70;523;Electric;;Rivalry;Intimidate;Guts;42;3 Atk;194;;Field;
25;406;Budew;40;30;35;50;70;55;280;Grass;Poison;Natural Cure;Poison Point;Leaf Guard;1,2;1 SpA;68;5120;-;
27;407;Roserade;60;70;55;125;105;90;505;Grass;Poison;Natural Cure;Poison Point;Technician;14,5;3 SpA;204;;Fairy;Grass
36;408;Cranidos;67;125;40;30;30;58;350;Rock;;Mold Breaker;;Sheer Force;31,5;1 Atk;99;7680;Monster;
37;409;Rampardos;97;165;60;65;50;58;495;Rock;;Mold Breaker;;Sheer Force;102,5;2 Atk;199;;Monster;
38;410;Shieldon;30;42;118;42;88;30;350;Rock;Steel;Sturdy;;Soundproof;57;1 Def;99;7680;Monster;
39;411;Bastiodon;60;52;168;47;138;30;495;Rock;Steel;Sturdy;;Soundproof;149,5;2 Def;199;;Monster;
45;412;Burmy;40;29;45;29;45;36;224;Bug;;Shed Skin;;Overcoat;3,4;1 SpD;61;3840;Bug;
46;413;Wormadam;60;59;85;79;105;36;424;Bug;Grass;Anticipate;;Overcoat;6,5;2 SpD;159;;Bug;
47;414;Mothim;70;94;50;94;50;66;424;Bug;Flying;Swarm;;Tinted Lens;23,3;1 Atk/1 SpA;159;;Bug;
53;415;Combee;30;30;42;30;42;70;244;Bug;Flying;Honey Gather;;Hustle;5,5;1 Spe;63;3840;Bug;
54;416;Vespiquen;70;80;102;80;102;40;474;Bug;Flying;Pressure;;Unnerve;38,5;1 Def/1 SpD;188;;Bug;
55;417;Pachirisu;60;45;70;45;90;95;405;Electric;;Run Away;Pickup;Volt Absorb;3,9;1 Spe;120;2560;Field;Fairy
56;418;Buizel;55;65;35;60;30;85;330;Water;;Swift Swim;;Water Veil;29,5;1 Spe;75;5120;Water 1;Field
57;419;Floatzel;85;105;55;85;50;115;495;Water;;Swift Swim;;Water Veil;33,5;2 Spe;178;;Water 1;Field
58;420;Cherubi;45;35;45;62;53;35;275;Grass;;Chlorophyll;;;3,3;1 SpA;68;5120;Fairy;Grass
59;421;Cherrim;70;60;70;87;78;85;450;Grass;;Flower Gift;;;9,3;2 SpA;133;;Fairy;Grass
60;422;Shellos;76;48;48;57;62;34;325;Water;;Sticky Hold;Storm Drain;Sand Force;6,3;1 HP;73;5120;Water 1;Amorphous
61;423;Gastrodon;111;83;68;92;82;39;475;Water;Ground;Sticky Hold;Storm Drain;Sand Force;29,9;2 HP;176;;Water 1;Amorphous
64;424;Ambipom;75;100;66;60;66;115;482;Normal;;Technician;Pickup;Skill Link;20,3;2 Spe;186;;Field;
66;425;Drifloon;90;50;34;60;44;70;348;Ghost;Flying;Aftermath;Unburden;Flare Boost;1,2;1 HP;127;7680;Amorphous;
67;426;Drifblim;150;80;44;90;54;80;498;Ghost;Flying;Aftermath;Unburden;Flare Boost;15;2 HP;204;;Amorphous;
67;427;Buneary;55;66;44;44;56;85;350;Normal;;Run Away;Klutz;Limber;5,5;1 Spe;84;5120;Field;Human-Like
68;428;Lopunny;65;76;84;54;96;105;480;Normal;;Cute Charm;Klutz;Limber;33,3;2 Spe;178;;Field;Human-Like
73;429;Mismagius;60;60;60;105;105;105;495;Ghost;;Levitate;;;4,4;1 SpA/1 SpD;187;;Amorphous;
75;430;Honchkrow;100;125;52;105;52;71;505;Dark;Flying;Insomnia;Super Luck;Moxie;27,3;2 Atk;187;;Flying;
76;431;Glameow;49;55;42;42;37;85;310;Normal;;Limber;Own Tempo;Keen Eye;3,9;1 Spe;71;5120;Field;
77;432;Purugly;71;82;64;64;59;112;452;Normal;;Thick Fat;Own Tempo;Defiant;43,8;2 Spe;183;;Field;
82;433;Chingling;45;30;50;65;50;45;285;Psychic;;Levitate;;;0,6;1 SpA;74;6400;-;
84;434;Stunky;63;63;47;41;41;74;329;Poison;Dark;Stench;Aftermath;Keen Eye;19,2;1 Spe;79;5120;Field;
85;435;Skuntank;103;93;67;71;61;84;479;Poison;Dark;Stench;Aftermath;Keen Eye;38;2 HP;209;;Field;
88;436;Bronzor;57;24;86;24;86;23;300;Steel;Psychic;Levitate;Heatproof;Heavy Metal;60,5;1 Def;72;5120;Mineral;
89;437;Bronzong;67;89;116;79;116;33;500;Steel;Psychic;Levitate;Heatproof;Heavy Metal;187;1 Def/1 SpD;188;;Mineral;
92;438;Bonsly;50;80;95;10;45;10;290;Rock;;Sturdy;Rock Head;Rattled;15;1 Def;68;5120;-;
94;439;Mime Jr.;20;25;45;70;90;60;310;Psychic;;Soundproof;Filter;Technician;13;1 SpD;78;6400;-;
96;440;Happiny;100;5;5;15;65;30;220;Normal;;Natural Cure;Serene Grace;Friend Guard;24,4;1 HP;255;10240;-;
102;441;Chatot;76;65;45;92;42;91;411;Normal;Flying;Keen Eye;Tangled Feet;Big Pecks;1,9;1 Atk;107;5120;Flying;
108;442;Spiritomb;50;92;108;92;108;35;485;Ghost;Dark;Pressure;;Infiltrator;108;1 Def/1 SpD;168;7680;Amorphous;
109;443;Gible;58;70;45;40;45;42;300;Dragon;Ground;Sand Veil;;Rough Skin;20,5;1 Atk;67;10240;Monster;Dragon
110;444;Gabite;68;90;65;50;55;82;410;Dragon;Ground;Sand Veil;;Rough Skin;56;2 Atk;144;;Monster;Dragon
111;445;Garchomp;108;130;95;80;85;102;600;Dragon;Ground;Sand Veil;;Rough Skin;95;3 Atk;218;;Monster;Dragon
112;446;Munchlax;135;85;40;40;85;5;390;Normal;;Pickup;Thick Fat;Gluttony;105;1 HP;94;10240;-;
115;447;Riolu;40;70;40;35;40;60;285;Fighting;;Steadfast;Inner Focus;Prankster;20,2;1 Atk;72;6400;-;
116;448;Lucario;70;110;70;115;70;90;525;Fighting;Steel;Steadfast;Inner Focus;Justified;54;1 Atk/1 SpA;204;;Field;Human-Like
122;449;Hippopotas;68;72;78;38;42;32;330;Ground;;Sand Stream;;Sand Force;49,5;1 Def;95;7680;Field;
123;450;Hippowdon;108;112;118;68;72;47;525;Ground;;Sand Stream;;Sand Force;300;2 Def;198;;Field;
127;451;Skorupi;40;50;90;30;55;65;330;Poison;Bug;Battle Armor;Sniper;Keen Eye;12;1 Def;114;5120;Bug;Water 3
128;452;Drapion;70;90;110;60;75;95;500;Poison;Dark;Battle Armor;Sniper;Keen Eye;61,5;2 Def;204;;Bug;Water 3
129;453;Croagunk;48;61;40;61;40;50;300;Poison;Fighting;Anticipate;Dry Skin;Poison Touch;23;1 Atk;83;2560;Human-Like;
130;454;Toxicroak;83;106;65;86;65;85;490;Poison;Fighting;Anticipate;Dry Skin;Poison Touch;44,4;2 Atk;181;;Human-Like;
131;455;Carnivine;74;100;72;90;72;46;454;Grass;;Levitate;;;27;2 Atk;164;6400;Grass;
134;456;Finneon;49;49;56;49;61;66;330;Water;;Swift Swim;Storm Drain;Water Veil;7;1 Spe;90;5120;Water 2;
135;457;Lumineon;69;69;76;69;86;91;460;Water;;Swift Swim;Storm Drain;Water Veil;24;2 Spe;156;;Water 2;
140;458;Mantyke;45;20;50;60;120;50;345;Water;Flying;Swift Swim;Water Absorb;;65;1 SpD;108;6400;-;
142;459;Snover;60;62;50;62;60;40;334;Ice;Grass;Snow Warning;;Soundproof;50,5;1 Atk;131;5120;Monster;Grass
143;460;Abomasnow;90;92;75;92;85;60;494;Ice;Grass;Snow Warning;;Soundproof;135,5;1 Atk/1 SpA;214;;Monster;Grass
145;461;Weavile;70;120;65;45;85;125;510;Dark;Ice;Pressure;;Pickpocket;34;1 Atk/1 Spe;199;;Field;
180;462;Magnezone;70;70;115;130;90;60;535;Electric;Steel;Magnet Pull;Sturdy;Analytic;180;3 SpA;211;;Mineral;
162;463;Lickilicky;110;85;95;80;95;50;515;Normal;;Own Tempo;Oblivious;Cloud Nine;140;3 HP;193;;Monster;
188;464;Rhyperior;115;140;130;55;55;40;535;Ground;Rock;Lightningrod;Solid Rock;Reckless;282,8;3 Atk;217;;Monster;Field
182;465;Tangrowth;100;100;125;110;50;50;535;Grass;;Chlorophyll;Leaf Guard;Regenerator;128,6;2 Def;211;;Grass;
199;466;Electivire;75;123;67;95;85;95;540;Electric;;Motor Drive;;Vital Spirit;138,6;3 Atk;199;;Human-Like;
202;467;Magmortar;75;95;67;125;95;83;540;Fire;;Flame Body;;Vital Spirit;68;3 SpA;199;;Human-Like;
175;468;Togekiss;85;50;95;120;115;80;545;Normal;Flying;Hustle;Serene Grace;Super Luck;38;2 SpA/1 SpD;220;;Flying;Fairy
184;469;Yanmega;86;76;86;116;56;95;515;Bug;Flying;Speed Boost;Tinted Lens;Frisk;51,5;2 Atk;198;;Bug;
169;470;Leafeon;65;110;130;60;65;95;525;Grass;;Leaf Guard;;Chlorophyll;25,5;2 Def;196;;Field;
170;471;Glaceon;65;60;110;130;95;65;525;Ice;;Snow Cloak;;Ice Body;25,9;2 SpA;196;;Field;
154;472;Gliscor;75;95;125;45;75;95;510;Ground;Flying;Hyper Cutter;Sand Veil;Poison Heal;42,5;2 Def;192;;Bug;
205;473;Mamoswine;110;130;80;70;60;80;530;Ice;Ground;Oblivious;Snow Cloak;Thick Fat;291;3 Atk;207;;Field;
194;474;Porygon-Z;85;80;70;135;75;90;535;Normal;;Adaptability;Download;Analytic;34;3 SpA;185;;Mineral;
160;475;Gallade;68;125;65;65;115;80;518;Psychic;Fighting;Steadfast;;Justified;52;3 Atk;208;;Amorphous;
156;476;Probopass;60;55;145;75;150;40;525;Rock;Steel;Sturdy;Magnet Pull;Sand Force;340;1 Def/2 SpD;198;;Mineral;
191;477;Dusknoir;45;100;135;65;135;45;525;Ghost;;Pressure;;;106,6;1 Def/2 SpD;210;;Amorphous;
208;478;Froslass;70;80;70;80;70;110;480;Ice;Ghost;Snow Cloak;;Cursed Body;26,6;2 Spe;187;;Fairy;Mineral
152;479;Rotom;50;50;77;95;77;91;440;Electric;Ghost;Levitate;;;0,3;1 SpA/1 Spe;132;5120;Amorphous;
146;480;Uxie;75;75;130;75;130;95;580;Psychic;;Levitate;;;0,3;2 Def/1 SpD;210;;-;
147;481;Mesprit;80;105;105;105;105;80;580;Psychic;;Levitate;;;0,3;1 Atk/1 SpA/1 SpD;210;;-;
148;482;Azelf;75;125;70;125;70;115;580;Psychic;;Levitate;;;0,3;2 Atk/1 SpA;210;;-;
149;483;Dialga;100;120;120;150;100;90;680;Steel;Dragon;Pressure;;Telepathy;683;3 SpA;220;;-;
150;484;Palkia;90;120;100;150;120;100;680;Water;Dragon;Pressure;;Telepathy;336;3 SpA;220;;-;
141;485;Heatran;91;90;106;130;106;77;600;Fire;Steel;Flash Fire;;Flame Body;430;3 SpA;215;;-;
-1;486;Regigigas;110;160;110;80;110;100;670;Normal;;Slow Start;;;420;3 Atk;220;;-;
210;487;Giratina;150;100;120;100;120;90;680;Ghost;Dragon;Pressure;;Telepathy;750;3 HP;220;;-;
-1;488;Cresselia;120;70;120;75;130;85;600;Psychic;;Levitate;;;85,6;3 SpD;210;;-;
-1;489;Phione;80;80;80;80;80;80;480;Water;;Hydration;;;3,1;1 HP;165;;-;
151;490;Manaphy;100;100;100;100;100;100;600;Water;;Hydration;;;1,4;3 HP;215;;-;
193;491;Darkrai;70;90;90;135;90;125;600;Dark;;Bad Dreams;;;50,5;1 Spe/2 SpA;210;;-;
-1;492;Shaymin;100;100;100;100;100;100;600;Grass;;Natural Cure;;;2,1;3 HP;64;;-;
-1;493;Arceus;120;120;120;120;120;120;720;Normal;;Multitype;;;320;3 HP;255;;-;